{
  "coef": [
    -0.31933712722675,
    -2.9036044632502893,
    1.1408684109057177,
    1.3164682293347585,
    0.5711948624976656,
    3.930822610616554,
    -2.0425130289884854,
    0.07027120935200096,
    0.16942893020965516,
    0.150074586551464,
    0.0562214167963708,
    -0.04457628166899206,
    -1.2977661507616267,
    -0.10600559526927972,
    -2.7170378706019194,
    0.5738380863817295,
    -1.390924239102278,
    -0.5755194061668377
  ],
  "intercept": -7.002511653179965,
  "mean": [
    0.032227940566116046,
    0.3478518510832253,
    0.11235867850917337,
    0.0009753465593093716,
    0.0026126836556818835,
    0.1074048518303312,
    0.021395368141447508,
    0.020440773636590023,
    0.006922885365651283,
    0.027102183116128498,
    0.0031335602224620237,
    0.0013903876483771893,
    0.08949531003569264,
    0.25874945334044563,
    0.2831624747516676,
    0.00018676849008051797,
    0.16064165352369886,
    0.07945546609113888
  ],
  "scale": [
    0.1766049274879182,
    0.2739018843423923,
    0.04880805391377698,
    0.031215304874361666,
    0.022345390849875555,
    0.07612543286936521,
    0.07196753638837732,
    0.1415024678574661,
    0.02801894223508598,
    0.16238120207240447,
    0.055890437668651136,
    0.03726197083575876,
    0.27098803927560927,
    0.42910643310798885,
    0.2883529948921347,
    0.013665050589421803,
    0.36720009896074257,
    0.22567152179240468
  ],
  "feature_names": [
    "is_https",
    "url_length",
    "domain_length",
    "is_ip",
    "hyphen_count",
    "dot_count",
    "subdomain_count",
    "suspicious_tld",
    "keyword_count",
    "brand_mismatch",
    "at_symbol",
    "double_slash",
    "encoded_chars",
    "digit_ratio",
    "path_length",
    "has_port",
    "has_query",
    "special_chars"
  ],
  "accuracy": 0.9173,
  "f1": 0.6673
}